profile	Cruise	Site	DataOwner	Rawfilename	Instrument	CTDrosettefilename	yyyy-mm-dd hh:mm	Latitude 	Longitude	aa	exp	Pixel size	Particle filename	Plankton filename	Project
ctd001	sn207_2018_exports_np_sr1812	SS1	andrew mcdonnell(amcdonnell@alaska.edu)	HDR20180814074620	uvp5	sr1812_001	2018-08-14 07:46:20	50.08604	-145.05003	0.0017724	1.32	0.097	export_detailed_20240422_11_10_PAR_ctd001.tsv	export_detailed_20240422_11_10_ZOO_ctd001.tsv	uvp5_sn207_2018_exports_np_sr1812_filtered
ctd002	sn207_2018_exports_np_sr1812	SS_2	andrew mcdonnell(amcdonnell@alaska.edu)	HDR20180814104437	uvp5	sr1812_002	2018-08-14 10:44:37	50.05592	-145.27913	0.0017724	1.32	0.097	export_detailed_20240422_11_10_PAR_ctd002.tsv	export_detailed_20240422_11_10_ZOO_ctd002.tsv	uvp5_sn207_2018_exports_np_sr1812_filtered
ctd003	sn207_2018_exports_np_sr1812	SS_3	andrew mcdonnell(amcdonnell@alaska.edu)	HDR20180814125709	uvp5	sr1812_003	2018-08-14 12:57:09	50.11834	-145.22328	0.0017724	1.32	0.097	export_detailed_20240422_11_10_PAR_ctd003.tsv	export_detailed_20240422_11_10_ZOO_ctd003.tsv	uvp5_sn207_2018_exports_np_sr1812_filtered
ctd004	sn207_2018_exports_np_sr1812	SS4	andrew mcdonnell(amcdonnell@alaska.edu)	HDR20180814155007	uvp5	sr1812_004	2018-08-14 15:50:07	50.1798	-145.16675	0.0017724	1.32	0.097	export_detailed_20240422_11_10_PAR_ctd004.tsv	export_detailed_20240422_11_10_ZOO_ctd004.tsv	uvp5_sn207_2018_exports_np_sr1812_filtered
ctd005	sn207_2018_exports_np_sr1812	SS_5	andrew mcdonnell(amcdonnell@alaska.edu)	HDR20180814175427	uvp5	sr1812_005	2018-08-14 17:54:27	50.24259	-145.1115	0.0017724	1.32	0.097	export_detailed_20240422_11_10_PAR_ctd005.tsv	export_detailed_20240422_11_10_ZOO_ctd005.tsv	uvp5_sn207_2018_exports_np_sr1812_filtered
ctd006	sn207_2018_exports_np_sr1812	SS6	andrew mcdonnell(amcdonnell@alaska.edu)	HDR20180814193501	uvp5	sr1812_006	2018-08-14 19:35:01	50.20546	-145.01505	0.0017724	1.32	0.097	export_detailed_20240422_11_10_PAR_ctd006.tsv	export_detailed_20240422_11_10_ZOO_ctd006.tsv	uvp5_sn207_2018_exports_np_sr1812_filtered
ctd007	sn207_2018_exports_np_sr1812	SS_6	andrew mcdonnell(amcdonnell@alaska.edu)	HDR20180814222202	uvp5	sr1812_007	2018-08-14 22:22:02	50.20651	-145.01767	0.0017724	1.32	0.097	export_detailed_20240422_11_10_PAR_ctd007.tsv	export_detailed_20240422_11_10_ZOO_ctd007.tsv	uvp5_sn207_2018_exports_np_sr1812_filtered
ctd008	sn207_2018_exports_np_sr1812	Lagrangian_float_calibration_cast	andrew mcdonnell(amcdonnell@alaska.edu)	HDR20180815023223	uvp5	sr1812_008	2018-08-15 02:32:23	50.12865	-145.06254	0.0017724	1.32	0.097	export_detailed_20240422_11_10_PAR_ctd008.tsv	export_detailed_20240422_11_10_ZOO_ctd008.tsv	uvp5_sn207_2018_exports_np_sr1812_filtered
ctd009	sn207_2018_exports_np_sr1812	SS_7	andrew mcdonnell(amcdonnell@alaska.edu)	HDR20180815045658	uvp5	sr1812_009	2018-08-15 04:56:58	50.14445	-145.07055	0.0017724	1.32	0.097	export_detailed_20240422_11_10_PAR_ctd009.tsv	export_detailed_20240422_11_10_ZOO_ctd009.tsv	uvp5_sn207_2018_exports_np_sr1812_filtered
ctd010	sn207_2018_exports_np_sr1812	SS13	andrew mcdonnell(amcdonnell@alaska.edu)	HDR20180815152445	uvp5	sr1812_010	2018-08-15 15:24:45	50.1705	-144.91749	0.0017724	1.32	0.097	export_detailed_20240422_11_10_PAR_ctd010.tsv	export_detailed_20240422_11_10_ZOO_ctd010.tsv	uvp5_sn207_2018_exports_np_sr1812_filtered
ctd011	sn207_2018_exports_np_sr1812	SS12	andrew mcdonnell(amcdonnell@alaska.edu)	HDR20180815171442	uvp5	sr1812_011	2018-08-15 17:14:42	50.10854	-144.97407	0.0017724	1.32	0.097	export_detailed_20240422_11_10_PAR_ctd011.tsv	export_detailed_20240422_11_10_ZOO_ctd011.tsv	uvp5_sn207_2018_exports_np_sr1812_filtered
ctd012	sn207_2018_exports_np_sr1812	SS14	andrew mcdonnell(amcdonnell@alaska.edu)	HDR20180815185631	uvp5	sr1812_012	2018-08-15 18:56:31	50.13472	-144.82046	0.0017724	1.32	0.097	export_detailed_20240422_11_10_PAR_ctd012.tsv	export_detailed_20240422_11_10_ZOO_ctd012.tsv	uvp5_sn207_2018_exports_np_sr1812_filtered
ctd013	sn207_2018_exports_np_sr1812	SS_14	andrew mcdonnell(amcdonnell@alaska.edu)	HDR20180815213146	uvp5	sr1812_013	2018-08-15 21:31:46	50.13254	-144.81754	0.0017724	1.32	0.097	export_detailed_20240422_11_10_PAR_ctd013.tsv	export_detailed_20240422_11_10_ZOO_ctd013.tsv	uvp5_sn207_2018_exports_np_sr1812_filtered
ctd014	sn207_2018_exports_np_sr1812	LS_18	andrew mcdonnell(amcdonnell@alaska.edu)	HDR20180815233450	uvp5	sr1812_014	2018-08-15 23:34:50	50.16482	-144.64472	0.0017724	1.32	0.097	export_detailed_20240422_11_10_PAR_ctd014.tsv	export_detailed_20240422_11_10_ZOO_ctd014.tsv	uvp5_sn207_2018_exports_np_sr1812_filtered
ctd015	sn207_2018_exports_np_sr1812	LS_18	andrew mcdonnell(amcdonnell@alaska.edu)	HDR20180816004421	uvp5	sr1812_015	2018-08-16 00:44:21	50.1648	-144.64474	0.0017724	1.32	0.097	export_detailed_20240422_11_10_PAR_ctd015.tsv	export_detailed_20240422_11_10_ZOO_ctd015.tsv	uvp5_sn207_2018_exports_np_sr1812_filtered
ctd016	sn207_2018_exports_np_sr1812	SS_15	andrew mcdonnell(amcdonnell@alaska.edu)	HDR20180816151942	uvp5	sr1812_016	2018-08-16 15:19:42	50.07223	-144.87662	0.0017724	1.32	0.097	export_detailed_20240422_11_10_PAR_ctd016.tsv	export_detailed_20240422_11_10_ZOO_ctd016.tsv	uvp5_sn207_2018_exports_np_sr1812_filtered
ctd017	sn207_2018_exports_np_sr1812	SS16	andrew mcdonnell(amcdonnell@alaska.edu)	HDR20180816170249	uvp5	sr1812_017	2018-08-16 17:02:49	50.00963	-144.93195	0.0017724	1.32	0.097	export_detailed_20240422_11_10_PAR_ctd017.tsv	export_detailed_20240422_11_10_ZOO_ctd017.tsv	uvp5_sn207_2018_exports_np_sr1812_filtered
ctd018	sn207_2018_exports_np_sr1812	SS17	andrew mcdonnell(amcdonnell@alaska.edu)	HDR20180816185458	uvp5	sr1812_018	2018-08-16 18:54:58	49.94761	-144.9887	0.0017724	1.32	0.097	export_detailed_20240422_11_10_PAR_ctd018.tsv	export_detailed_20240422_11_10_ZOO_ctd018.tsv	uvp5_sn207_2018_exports_np_sr1812_filtered
ctd019	sn207_2018_exports_np_sr1812	SS_17	andrew mcdonnell(amcdonnell@alaska.edu)	HDR20180816214202	uvp5	sr1812_019	2018-08-16 21:42:02	49.94819	-144.99059	0.0017724	1.32	0.097	export_detailed_20240422_11_10_PAR_ctd019.tsv	export_detailed_20240422_11_10_ZOO_ctd019.tsv	uvp5_sn207_2018_exports_np_sr1812_filtered
ctd020	sn207_2018_exports_np_sr1812	WW_calibration_-_1	andrew mcdonnell(amcdonnell@alaska.edu)	HDR20180817011205	uvp5	sr1812_020	2018-08-17 01:12:05	50.16603	-145.02622	0.0017724	1.32	0.097	export_detailed_20240422_11_10_PAR_ctd020.tsv	export_detailed_20240422_11_10_ZOO_ctd020.tsv	uvp5_sn207_2018_exports_np_sr1812_filtered
ctd021	sn207_2018_exports_np_sr1812	SS10	andrew mcdonnell(amcdonnell@alaska.edu)	HDR20180817041251	uvp5	sr1812_021	2018-08-17 04:12:51	49.98352	-145.0856	0.0017724	1.32	0.097	export_detailed_20240422_11_10_PAR_ctd021.tsv	export_detailed_20240422_11_10_ZOO_ctd021.tsv	uvp5_sn207_2018_exports_np_sr1812_filtered
ctd022	sn207_2018_exports_np_sr1812	SS11	andrew mcdonnell(amcdonnell@alaska.edu)	HDR20180817055958	uvp5	sr1812_022	2018-08-17 05:59:58	50.04605	-145.02969	0.0017724	1.32	0.097	export_detailed_20240422_11_10_PAR_ctd022.tsv	export_detailed_20240422_11_10_ZOO_ctd022.tsv	uvp5_sn207_2018_exports_np_sr1812_filtered
ctd023	sn207_2018_exports_np_sr1812	SS09	andrew mcdonnell(amcdonnell@alaska.edu)	HDR20180817170311	uvp5	sr1812_023	2018-08-17 17:03:11	50.01951	-145.18233	0.0017724	1.32	0.097	export_detailed_20240422_11_10_PAR_ctd023.tsv	export_detailed_20240422_11_10_ZOO_ctd023.tsv	uvp5_sn207_2018_exports_np_sr1812_filtered
ctd024	sn207_2018_exports_np_sr1812	SS8	andrew mcdonnell(amcdonnell@alaska.edu)	HDR20180817191546	uvp5	sr1812_024	2018-08-17 19:15:46	50.08251	-145.12542	0.0017724	1.32	0.097	export_detailed_20240422_11_10_PAR_ctd024.tsv	export_detailed_20240422_11_10_ZOO_ctd024.tsv	uvp5_sn207_2018_exports_np_sr1812_filtered
ctd025	sn207_2018_exports_np_sr1812	SS_8	andrew mcdonnell(amcdonnell@alaska.edu)	HDR20180817221321	uvp5	sr1812_025	2018-08-17 22:13:21	50.07806	-145.12783	0.0017724	1.32	0.097	export_detailed_20240422_11_10_PAR_ctd025.tsv	export_detailed_20240422_11_10_ZOO_ctd025.tsv	uvp5_sn207_2018_exports_np_sr1812_filtered
ctd026	sn207_2018_exports_np_sr1812	LS_12	andrew mcdonnell(amcdonnell@alaska.edu)	HDR20180818013346	uvp5	sr1812_026	2018-08-18 01:33:46	50.35571	-145.15889	0.0017724	1.32	0.097	export_detailed_20240422_11_10_PAR_ctd026.tsv	export_detailed_20240422_11_10_ZOO_ctd026.tsv	uvp5_sn207_2018_exports_np_sr1812_filtered
ctd027	sn207_2018_exports_np_sr1812	LS2	andrew mcdonnell(amcdonnell@alaska.edu)	HDR20180818152317	uvp5	sr1812_027	2018-08-18 15:23:17	50.07329	-145.18411	0.0017724	1.32	0.097	export_detailed_20240422_11_10_PAR_ctd027.tsv	export_detailed_20240422_11_10_ZOO_ctd027.tsv	uvp5_sn207_2018_exports_np_sr1812_filtered
ctd028	sn207_2018_exports_np_sr1812	LS3	andrew mcdonnell(amcdonnell@alaska.edu)	HDR20180820041144	uvp5	sr1812_028	2018-08-20 04:11:44	50.02549	-145.45534	0.0017724	1.32	0.097	export_detailed_20240422_11_10_PAR_ctd028.tsv	export_detailed_20240422_11_10_ZOO_ctd028.tsv	uvp5_sn207_2018_exports_np_sr1812_filtered
ctd029	sn207_2018_exports_np_sr1812	LS_04	andrew mcdonnell(amcdonnell@alaska.edu)	HDR20180820072711	uvp5	sr1812_029	2018-08-20 07:27:11	49.9787	-145.72687	0.0017724	1.32	0.097	export_detailed_20240422_11_10_PAR_ctd029.tsv	export_detailed_20240422_11_10_ZOO_ctd029.tsv	uvp5_sn207_2018_exports_np_sr1812_filtered
ctd030	sn207_2018_exports_np_sr1812	LS_05	andrew mcdonnell(amcdonnell@alaska.edu)	HDR20180820100908	uvp5	sr1812_030	2018-08-20 10:09:08	49.89989	-145.51384	0.0017724	1.32	0.097	export_detailed_20240422_11_10_PAR_ctd030.tsv	export_detailed_20240422_11_10_ZOO_ctd030.tsv	uvp5_sn207_2018_exports_np_sr1812_filtered
ctd031	sn207_2018_exports_np_sr1812	LS06	andrew mcdonnell(amcdonnell@alaska.edu)	HDR20180820154017	uvp5	sr1812_031	2018-08-20 15:40:17	49.82061	-145.2972	0.0017724	1.32	0.097	export_detailed_20240422_11_10_PAR_ctd031.tsv	export_detailed_20240422_11_10_ZOO_ctd031.tsv	uvp5_sn207_2018_exports_np_sr1812_filtered
ctd032	sn207_2018_exports_np_sr1812	LS07	andrew mcdonnell(amcdonnell@alaska.edu)	HDR20180820173802	uvp5	sr1812_032	2018-08-20 17:38:02	49.74133	-145.08471	0.0017724	1.32	0.097	export_detailed_20240422_11_10_PAR_ctd032.tsv	export_detailed_20240422_11_10_ZOO_ctd032.tsv	uvp5_sn207_2018_exports_np_sr1812_filtered
ctd033	sn207_2018_exports_np_sr1812	LS9	andrew mcdonnell(amcdonnell@alaska.edu)	HDR20180821021839	uvp5	sr1812_033	2018-08-21 02:18:39	49.66083	-144.86875	0.0017724	1.32	0.097	export_detailed_20240422_11_10_PAR_ctd033.tsv	export_detailed_20240422_11_10_ZOO_ctd033.tsv	uvp5_sn207_2018_exports_np_sr1812_filtered
ctd034	sn207_2018_exports_np_sr1812	LS9	andrew mcdonnell(amcdonnell@alaska.edu)	HDR20180821041215	uvp5	sr1812_034	2018-08-21 04:12:15	49.83447	-144.94283	0.0017724	1.32	0.097	export_detailed_20240422_11_10_PAR_ctd034.tsv	export_detailed_20240422_11_10_ZOO_ctd034.tsv	uvp5_sn207_2018_exports_np_sr1812_filtered
ctd035	sn207_2018_exports_np_sr1812	LS10	andrew mcdonnell(amcdonnell@alaska.edu)	HDR20180821060257	uvp5	sr1812_035	2018-08-21 06:02:57	50.00853	-145.0144	0.0017724	1.32	0.097	export_detailed_20240422_11_10_PAR_ctd035.tsv	export_detailed_20240422_11_10_ZOO_ctd035.tsv	uvp5_sn207_2018_exports_np_sr1812_filtered
ctd036	sn207_2018_exports_np_sr1812	LS_1	andrew mcdonnell(amcdonnell@alaska.edu)	HDR20180821072753	uvp5	sr1812_036	2018-08-21 07:27:53	50.09549	-145.05044	0.0017724	1.32	0.097	export_detailed_20240422_11_10_PAR_ctd036.tsv	export_detailed_20240422_11_10_ZOO_ctd036.tsv	uvp5_sn207_2018_exports_np_sr1812_filtered
ctd037	sn207_2018_exports_np_sr1812	LS_7	andrew mcdonnell(amcdonnell@alaska.edu)	HDR20180821104035	uvp5	sr1812_037	2018-08-21 10:40:35	49.99029	-145.05885	0.0017724	1.32	0.097	export_detailed_20240422_11_10_PAR_ctd037.tsv	export_detailed_20240422_11_10_ZOO_ctd037.tsv	uvp5_sn207_2018_exports_np_sr1812_filtered
ctd038	sn207_2018_exports_np_sr1812	LS_8	andrew mcdonnell(amcdonnell@alaska.edu)	HDR20180821124603	uvp5	sr1812_038	2018-08-21 12:46:03	49.93599	-144.82618	0.0017724	1.32	0.097	export_detailed_20240422_11_10_PAR_ctd038.tsv	export_detailed_20240422_11_10_ZOO_ctd038.tsv	uvp5_sn207_2018_exports_np_sr1812_filtered
ctd039	sn207_2018_exports_np_sr1812	LS9	andrew mcdonnell(amcdonnell@alaska.edu)	HDR20180821161628	uvp5	sr1812_039	2018-08-21 16:16:28	50.0987	-144.94451	0.0017724	1.32	0.097	export_detailed_20240422_11_10_PAR_ctd039.tsv	export_detailed_20240422_11_10_ZOO_ctd039.tsv	uvp5_sn207_2018_exports_np_sr1812_filtered
ctd040	sn207_2018_exports_np_sr1812	LS10	andrew mcdonnell(amcdonnell@alaska.edu)	HDR20180821191913	uvp5	sr1812_040	2018-08-21 19:19:13	50.25986	-145.06263	0.0017724	1.32	0.097	export_detailed_20240422_11_10_PAR_ctd040.tsv	export_detailed_20240422_11_10_ZOO_ctd040.tsv	uvp5_sn207_2018_exports_np_sr1812_filtered
ctd041	sn207_2018_exports_np_sr1812	LS10	andrew mcdonnell(amcdonnell@alaska.edu)	HDR20180821214634	uvp5	sr1812_041	2018-08-21 21:46:34	50.25771	-145.06821	0.0017724	1.32	0.097	export_detailed_20240422_11_10_PAR_ctd041.tsv	export_detailed_20240422_11_10_ZOO_ctd041.tsv	uvp5_sn207_2018_exports_np_sr1812_filtered
ctd042	sn207_2018_exports_np_sr1812	Lagrangian_float_calibration_cast_-_2	andrew mcdonnell(amcdonnell@alaska.edu)	HDR20180822030037	uvp5	sr1812_042	2018-08-22 03:00:37	50.38589	-145.12032	0.0017724	1.32	0.097	export_detailed_20240422_11_10_PAR_ctd042.tsv	export_detailed_20240422_11_10_ZOO_ctd042.tsv	uvp5_sn207_2018_exports_np_sr1812_filtered
ctd043	sn207_2018_exports_np_sr1812	LS2	andrew mcdonnell(amcdonnell@alaska.edu)	HDR20180822061628	uvp5	sr1812_043	2018-08-22 06:16:28	50.30578	-145.24814	0.0017724	1.32	0.097	export_detailed_20240422_11_10_PAR_ctd043.tsv	export_detailed_20240422_11_10_ZOO_ctd043.tsv	uvp5_sn207_2018_exports_np_sr1812_filtered
ctd044	sn207_2018_exports_np_sr1812	LS3	andrew mcdonnell(amcdonnell@alaska.edu)	HDR20180822153813	uvp5	sr1812_044	2018-08-22 15:38:13	50.22962	-145.50207	0.0017724	1.32	0.097	export_detailed_20240422_11_10_PAR_ctd044.tsv	export_detailed_20240422_11_10_ZOO_ctd044.tsv	uvp5_sn207_2018_exports_np_sr1812_filtered
ctd045	sn207_2018_exports_np_sr1812	LS4	andrew mcdonnell(amcdonnell@alaska.edu)	HDR20180822175920	uvp5	sr1812_045	2018-08-22 17:59:20	50.15317	-145.75625	0.0017724	1.32	0.097	export_detailed_20240422_11_10_PAR_ctd045.tsv	export_detailed_20240422_11_10_ZOO_ctd045.tsv	uvp5_sn207_2018_exports_np_sr1812_filtered
ctd046	sn207_2018_exports_np_sr1812	LS_5	andrew mcdonnell(amcdonnell@alaska.edu)	HDR20180822213811	uvp5	sr1812_046	2018-08-22 21:38:11	50.1009	-145.53105	0.0017724	1.32	0.097	export_detailed_20240422_11_10_PAR_ctd046.tsv	export_detailed_20240422_11_10_ZOO_ctd046.tsv	uvp5_sn207_2018_exports_np_sr1812_filtered
ctd047	sn207_2018_exports_np_sr1812	LS_5	andrew mcdonnell(amcdonnell@alaska.edu)	HDR20180822232820	uvp5	sr1812_047	2018-08-22 23:28:20	50.1009	-145.53103	0.0017724	1.32	0.097	export_detailed_20240422_11_10_PAR_ctd047.tsv	export_detailed_20240422_11_10_ZOO_ctd047.tsv	uvp5_sn207_2018_exports_np_sr1812_filtered
ctd048	sn207_2018_exports_np_sr1812	LS_6	andrew mcdonnell(amcdonnell@alaska.edu)	HDR20180823023817	uvp5	sr1812_048	2018-08-23 02:38:17	50.04455	-145.29074	0.0017724	1.32	0.097	export_detailed_20240422_11_10_PAR_ctd048.tsv	export_detailed_20240422_11_10_ZOO_ctd048.tsv	uvp5_sn207_2018_exports_np_sr1812_filtered
ctd050	sn207_2018_exports_np_sr1812	LS12	andrew mcdonnell(amcdonnell@alaska.edu)	HDR20180823191742	uvp5	sr1812_050	2018-08-23 19:17:42	50.58755	-145.29782	0.0017724	1.32	0.097	export_detailed_20240422_11_10_PAR_ctd050.tsv	export_detailed_20240422_11_10_ZOO_ctd050.tsv	uvp5_sn207_2018_exports_np_sr1812_filtered
ctd051	sn207_2018_exports_np_sr1812	LS_12	andrew mcdonnell(amcdonnell@alaska.edu)	HDR20180823213245	uvp5	sr1812_051	2018-08-23 21:32:45	50.58728	-145.2986	0.0017724	1.32	0.097	export_detailed_20240422_11_10_PAR_ctd051.tsv	export_detailed_20240422_11_10_ZOO_ctd051.tsv	uvp5_sn207_2018_exports_np_sr1812_filtered
ctd052	sn207_2018_exports_np_sr1812	Seaglider_cal_cast_1	andrew mcdonnell(amcdonnell@alaska.edu)	HDR20180824005232	uvp5	sr1812_052	2018-08-24 00:52:32	50.38191	-145.03664	0.0017724	1.32	0.097	export_detailed_20240422_11_10_PAR_ctd052.tsv	export_detailed_20240422_11_10_ZOO_ctd052.tsv	uvp5_sn207_2018_exports_np_sr1812_filtered
ctd053	sn207_2018_exports_np_sr1812	LS13	andrew mcdonnell(amcdonnell@alaska.edu)	HDR20180824060533	uvp5	sr1812_053	2018-08-24 06:05:33	50.75052	-145.4167	0.0017724	1.32	0.097	export_detailed_20240422_11_10_PAR_ctd053.tsv	export_detailed_20240422_11_10_ZOO_ctd053.tsv	uvp5_sn207_2018_exports_np_sr1812_filtered
ctd054	sn207_2018_exports_np_sr1812	LS_14	andrew mcdonnell(amcdonnell@alaska.edu)	HDR20180824090025	uvp5	sr1812_054	2018-08-24 09:00:25	50.69526	-145.184	0.0017724	1.32	0.097	export_detailed_20240422_11_10_PAR_ctd054.tsv	export_detailed_20240422_11_10_ZOO_ctd054.tsv	uvp5_sn207_2018_exports_np_sr1812_filtered
ctd055	sn207_2018_exports_np_sr1812	LS15	andrew mcdonnell(amcdonnell@alaska.edu)	HDR20180824150000	uvp5	sr1812_055	2018-08-24 15:00:00	50.64146	-144.95134	0.0017724	1.32	0.097	export_detailed_20240422_11_10_PAR_ctd055.tsv	export_detailed_20240422_11_10_ZOO_ctd055.tsv	uvp5_sn207_2018_exports_np_sr1812_filtered
ctd056	sn207_2018_exports_np_sr1812	LS16	andrew mcdonnell(amcdonnell@alaska.edu)	HDR20180824175822	uvp5	sr1812_056	2018-08-24 17:58:22	50.58689	-144.72048	0.0017724	1.32	0.097	export_detailed_20240422_11_10_PAR_ctd056.tsv	export_detailed_20240422_11_10_ZOO_ctd056.tsv	uvp5_sn207_2018_exports_np_sr1812_filtered
ctd057	sn207_2018_exports_np_sr1812	LS_17	andrew mcdonnell(amcdonnell@alaska.edu)	HDR20180824214433	uvp5	sr1812_057	2018-08-24 21:44:33	50.53495	-144.48725	0.0017724	1.32	0.097	export_detailed_20240422_11_10_PAR_ctd057.tsv	export_detailed_20240422_11_10_ZOO_ctd057.tsv	uvp5_sn207_2018_exports_np_sr1812_filtered
ctd058	sn207_2018_exports_np_sr1812	LS_17	andrew mcdonnell(amcdonnell@alaska.edu)	HDR20180824233442	uvp5	sr1812_058	2018-08-24 23:34:42	50.53495	-144.48719	0.0017724	1.32	0.097	export_detailed_20240422_11_10_PAR_ctd058.tsv	export_detailed_20240422_11_10_ZOO_ctd058.tsv	uvp5_sn207_2018_exports_np_sr1812_filtered
ctd059	sn207_2018_exports_np_sr1812	LS18	andrew mcdonnell(amcdonnell@alaska.edu)	HDR20180825023315	uvp5	sr1812_059	2018-08-25 02:33:15	50.45706	-144.74074	0.0017724	1.32	0.097	export_detailed_20240422_11_10_PAR_ctd059.tsv	export_detailed_20240422_11_10_ZOO_ctd059.tsv	uvp5_sn207_2018_exports_np_sr1812_filtered
ctd061	sn207_2018_exports_np_sr1812	LS19	andrew mcdonnell(amcdonnell@alaska.edu)	HDR20180825164916	uvp5	sr1812_061	2018-08-25 16:49:16	50.38083	-144.99489	0.0017724	1.32	0.097	export_detailed_20240422_11_10_PAR_ctd061.tsv	export_detailed_20240422_11_10_ZOO_ctd061.tsv	uvp5_sn207_2018_exports_np_sr1812_filtered
ctd064	sn207_2018_exports_np_sr1812	LS_8	andrew mcdonnell(amcdonnell@alaska.edu)	HDR20180826214747	uvp5	sr1812_064	2018-08-26 21:47:47	49.9359	-144.83079	0.0017724	1.32	0.097	export_detailed_20240422_11_10_PAR_ctd064.tsv	export_detailed_20240422_11_10_ZOO_ctd064.tsv	uvp5_sn207_2018_exports_np_sr1812_filtered
ctd065	sn207_2018_exports_np_sr1812		andrew mcdonnell(amcdonnell@alaska.edu)	HDR20180827062440	uvp5	sr1812_065	2018-08-27 06:24:40	50.15405	-144.64106	0.0017724	1.32	0.097	export_detailed_20240422_11_10_PAR_ctd065.tsv	export_detailed_20240422_11_10_ZOO_ctd065.tsv	uvp5_sn207_2018_exports_np_sr1812_filtered
ctd066	sn207_2018_exports_np_sr1812	SS11	andrew mcdonnell(amcdonnell@alaska.edu)	HDR20180827150600	uvp5	sr1812_066	2018-08-27 15:06:00	50.52578	-145.00662	0.0017724	1.32	0.097	export_detailed_20240422_11_10_PAR_ctd066.tsv	export_detailed_20240422_11_10_ZOO_ctd066.tsv	uvp5_sn207_2018_exports_np_sr1812_filtered
ctd067	sn207_2018_exports_np_sr1812	SS9	andrew mcdonnell(amcdonnell@alaska.edu)	HDR20180827180801	uvp5	sr1812_067	2018-08-27 18:08:01	50.52555	-145.16471	0.0017724	1.32	0.097	export_detailed_20240422_11_10_PAR_ctd067.tsv	export_detailed_20240422_11_10_ZOO_ctd067.tsv	uvp5_sn207_2018_exports_np_sr1812_filtered
ctd068	sn207_2018_exports_np_sr1812	SS_8	andrew mcdonnell(amcdonnell@alaska.edu)	HDR20180827214116	uvp5	sr1812_068	2018-08-27 21:41:16	50.57627	-145.08892	0.0017724	1.32	0.097	export_detailed_20240422_11_10_PAR_ctd068.tsv	export_detailed_20240422_11_10_ZOO_ctd068.tsv	uvp5_sn207_2018_exports_np_sr1812_filtered
ctd069	sn207_2018_exports_np_sr1812	LS_8	andrew mcdonnell(amcdonnell@alaska.edu)	HDR20180827232129	uvp5	sr1812_069	2018-08-27 23:21:29	50.57627	-145.08892	0.0017724	1.32	0.097	export_detailed_20240422_11_10_PAR_ctd069.tsv	export_detailed_20240422_11_10_ZOO_ctd069.tsv	uvp5_sn207_2018_exports_np_sr1812_filtered
ctd070	sn207_2018_exports_np_sr1812	Seaglider_cal_cast_2	andrew mcdonnell(amcdonnell@alaska.edu)	HDR20180828011033	uvp5	sr1812_070	2018-08-28 01:10:33	50.61744	-145.0012	0.0017724	1.32	0.097	export_detailed_20240422_11_10_PAR_ctd070.tsv	export_detailed_20240422_11_10_ZOO_ctd070.tsv	uvp5_sn207_2018_exports_np_sr1812_filtered
ctd071	sn207_2018_exports_np_sr1812	SS2	andrew mcdonnell(amcdonnell@alaska.edu)	HDR20180828042109	uvp5	sr1812_071	2018-08-28 04:21:09	50.57681	-145.24423	0.0017724	1.32	0.097	export_detailed_20240422_11_10_PAR_ctd071.tsv	export_detailed_20240422_11_10_ZOO_ctd071.tsv	uvp5_sn207_2018_exports_np_sr1812_filtered
ctd072	sn207_2018_exports_np_sr1812	SS3	andrew mcdonnell(amcdonnell@alaska.edu)	HDR20180828070351	uvp5	sr1812_072	2018-08-28 07:03:51	50.62829	-145.16423	0.0017724	1.32	0.097	export_detailed_20240422_11_10_PAR_ctd072.tsv	export_detailed_20240422_11_10_ZOO_ctd072.tsv	uvp5_sn207_2018_exports_np_sr1812_filtered
ctd073	sn207_2018_exports_np_sr1812	SS_4	andrew mcdonnell(amcdonnell@alaska.edu)	HDR20180828090412	uvp5	sr1812_073	2018-08-28 09:04:12	50.67815	-145.08482	0.0017724	1.32	0.097	export_detailed_20240422_11_10_PAR_ctd073.tsv	export_detailed_20240422_11_10_ZOO_ctd073.tsv	uvp5_sn207_2018_exports_np_sr1812_filtered
ctd074	sn207_2018_exports_np_sr1812	SS5	andrew mcdonnell(amcdonnell@alaska.edu)	HDR20180828110540	uvp5	sr1812_074	2018-08-28 11:05:40	50.72905	-145.00613	0.0017724	1.32	0.097	export_detailed_20240422_11_10_PAR_ctd074.tsv	export_detailed_20240422_11_10_ZOO_ctd074.tsv	uvp5_sn207_2018_exports_np_sr1812_filtered
ctd075	sn207_2018_exports_np_sr1812	SS12	andrew mcdonnell(amcdonnell@alaska.edu)	HDR20180828150317	uvp5	sr1812_075	2018-08-28 15:03:17	50.57613	-144.92699	0.0017724	1.32	0.097	export_detailed_20240422_11_10_PAR_ctd075.tsv	export_detailed_20240422_11_10_ZOO_ctd075.tsv	uvp5_sn207_2018_exports_np_sr1812_filtered
ctd076	sn207_2018_exports_np_sr1812	SS1	andrew mcdonnell(amcdonnell@alaska.edu)	HDR20180828180700	uvp5	sr1812_076	2018-08-28 18:07:00	50.5772	-145.00621	0.0017724	1.32	0.097	export_detailed_20240422_11_10_PAR_ctd076.tsv	export_detailed_20240422_11_10_ZOO_ctd076.tsv	uvp5_sn207_2018_exports_np_sr1812_filtered
ctd077	sn207_2018_exports_np_sr1812	SS_7	andrew mcdonnell(amcdonnell@alaska.edu)	HDR20180828212544	uvp5	sr1812_077	2018-08-28 21:25:44	50.62899	-145.00703	0.0017724	1.32	0.097	export_detailed_20240422_11_10_PAR_ctd077.tsv	export_detailed_20240422_11_10_ZOO_ctd077.tsv	uvp5_sn207_2018_exports_np_sr1812_filtered
ctd078	sn207_2018_exports_np_sr1812	SS_7	andrew mcdonnell(amcdonnell@alaska.edu)	HDR20180828231414	uvp5	sr1812_078	2018-08-28 23:14:14	50.629	-145.00701	0.0017724	1.32	0.097	export_detailed_20240422_11_10_PAR_ctd078.tsv	export_detailed_20240422_11_10_ZOO_ctd078.tsv	uvp5_sn207_2018_exports_np_sr1812_filtered
ctd079	sn207_2018_exports_np_sr1812	SS_6	andrew mcdonnell(amcdonnell@alaska.edu)	HDR20180829013607	uvp5	sr1812_079	2018-08-29 01:36:07	50.67797	-144.92742	0.0017724	1.32	0.097	export_detailed_20240422_11_10_PAR_ctd079.tsv	export_detailed_20240422_11_10_ZOO_ctd079.tsv	uvp5_sn207_2018_exports_np_sr1812_filtered
ctd080	sn207_2018_exports_np_sr1812	SS13	andrew mcdonnell(amcdonnell@alaska.edu)	HDR20180829031419	uvp5	sr1812_080	2018-08-29 03:14:19	50.62606	-144.84912	0.0017724	1.32	0.097	export_detailed_20240422_11_10_PAR_ctd080.tsv	export_detailed_20240422_11_10_ZOO_ctd080.tsv	uvp5_sn207_2018_exports_np_sr1812_filtered
ctd081	sn207_2018_exports_np_sr1812	SS14	andrew mcdonnell(amcdonnell@alaska.edu)	HDR20180829053949	uvp5	sr1812_081	2018-08-29 05:39:49	50.57549	-144.77057	0.0017724	1.32	0.097	export_detailed_20240422_11_10_PAR_ctd081.tsv	export_detailed_20240422_11_10_ZOO_ctd081.tsv	uvp5_sn207_2018_exports_np_sr1812_filtered
ctd082	sn207_2018_exports_np_sr1812	SS15	andrew mcdonnell(amcdonnell@alaska.edu)	HDR20180829073408	uvp5	sr1812_082	2018-08-29 07:34:08	50.52585	-144.84955	0.0017724	1.32	0.097	export_detailed_20240422_11_10_PAR_ctd082.tsv	export_detailed_20240422_11_10_ZOO_ctd082.tsv	uvp5_sn207_2018_exports_np_sr1812_filtered
ctd083	sn207_2018_exports_np_sr1812	SS_16	andrew mcdonnell(amcdonnell@alaska.edu)	HDR20180829093635	uvp5	sr1812_083	2018-08-29 09:36:35	50.47553	-144.92589	0.0017724	1.32	0.097	export_detailed_20240422_11_10_PAR_ctd083.tsv	export_detailed_20240422_11_10_ZOO_ctd083.tsv	uvp5_sn207_2018_exports_np_sr1812_filtered
ctd084	sn207_2018_exports_np_sr1812	SS_17	andrew mcdonnell(amcdonnell@alaska.edu)	HDR20180829113431	uvp5	sr1812_084	2018-08-29 11:34:31	50.42452	-145.00666	0.0017724	1.32	0.097	export_detailed_20240422_11_10_PAR_ctd084.tsv	export_detailed_20240422_11_10_ZOO_ctd084.tsv	uvp5_sn207_2018_exports_np_sr1812_filtered
ctd085	sn207_2018_exports_np_sr1812	SS_10	andrew mcdonnell(amcdonnell@alaska.edu)	HDR20180829151415	uvp5	sr1812_085	2018-08-29 15:14:15	50.47491	-145.08578	0.0017724	1.32	0.097	export_detailed_20240422_11_10_PAR_ctd085.tsv	export_detailed_20240422_11_10_ZOO_ctd085.tsv	uvp5_sn207_2018_exports_np_sr1812_filtered
ctd086	sn207_2018_exports_np_sr1812	Bio_Argo_948_cal	andrew mcdonnell(amcdonnell@alaska.edu)	HDR20180829210726	uvp5	sr1812_086	2018-08-29 21:07:26	50.5481	-145.00598	0.0017724	1.32	0.097	export_detailed_20240422_11_10_PAR_ctd086.tsv	export_detailed_20240422_11_10_ZOO_ctd086.tsv	uvp5_sn207_2018_exports_np_sr1812_filtered
ctd087	sn207_2018_exports_np_sr1812	WW_calibration_-2	andrew mcdonnell(amcdonnell@alaska.edu)	HDR20180830010231	uvp5	sr1812_087	2018-08-30 01:02:31	50.48017	-144.80164	0.0017724	1.32	0.097	export_detailed_20240422_11_10_PAR_ctd087.tsv	export_detailed_20240422_11_10_ZOO_ctd087.tsv	uvp5_sn207_2018_exports_np_sr1812_filtered
ctd088	sn207_2018_exports_np_sr1812	ES_1	andrew mcdonnell(amcdonnell@alaska.edu)	HDR20180830060800	uvp5	sr1812_088	2018-08-30 06:08:00	50.21116	-144.3738	0.0017724	1.32	0.097	export_detailed_20240422_11_10_PAR_ctd088.tsv	export_detailed_20240422_11_10_ZOO_ctd088.tsv	uvp5_sn207_2018_exports_np_sr1812_filtered
ctd089	sn207_2018_exports_np_sr1812	ES_2	andrew mcdonnell(amcdonnell@alaska.edu)	HDR20180830074326	uvp5	sr1812_089	2018-08-30 07:43:26	50.25794	-144.51055	0.0017724	1.32	0.097	export_detailed_20240422_11_10_PAR_ctd089.tsv	export_detailed_20240422_11_10_ZOO_ctd089.tsv	uvp5_sn207_2018_exports_np_sr1812_filtered
ctd090	sn207_2018_exports_np_sr1812	ES_3	andrew mcdonnell(amcdonnell@alaska.edu)	HDR20180830094118	uvp5	sr1812_090	2018-08-30 09:41:18	50.38528	-144.70985	0.0017724	1.32	0.097	export_detailed_20240422_11_10_PAR_ctd090.tsv	export_detailed_20240422_11_10_ZOO_ctd090.tsv	uvp5_sn207_2018_exports_np_sr1812_filtered
ctd091	sn207_2018_exports_np_sr1812	ES_3	andrew mcdonnell(amcdonnell@alaska.edu)	HDR20180830095743	uvp5	sr1812_091	2018-08-30 09:57:43	50.3853	-144.70985	0.0017724	1.32	0.097	export_detailed_20240422_11_10_PAR_ctd091.tsv	export_detailed_20240422_11_10_ZOO_ctd091.tsv	uvp5_sn207_2018_exports_np_sr1812_filtered
ctd092	sn207_2018_exports_np_sr1812	ES_4	andrew mcdonnell(amcdonnell@alaska.edu)	HDR20180830120225	uvp5	sr1812_092	2018-08-30 12:02:25	50.51298	-144.90797	0.0017724	1.32	0.097	export_detailed_20240422_11_10_PAR_ctd092.tsv	export_detailed_20240422_11_10_ZOO_ctd092.tsv	uvp5_sn207_2018_exports_np_sr1812_filtered
ctd093	sn207_2018_exports_np_sr1812	ES_4	andrew mcdonnell(amcdonnell@alaska.edu)	HDR20180830125034	uvp5	sr1812_093	2018-08-30 12:50:34	50.51297	-144.90799	0.0017724	1.32	0.097	export_detailed_20240422_11_10_PAR_ctd093.tsv	export_detailed_20240422_11_10_ZOO_ctd093.tsv	uvp5_sn207_2018_exports_np_sr1812_filtered
ctd094	sn207_2018_exports_np_sr1812	ES_5	andrew mcdonnell(amcdonnell@alaska.edu)	HDR20180830142448	uvp5	sr1812_094	2018-08-30 14:24:48	50.57677	-145.00707	0.0017724	1.32	0.097	export_detailed_20240422_11_10_PAR_ctd094.tsv	export_detailed_20240422_11_10_ZOO_ctd094.tsv	uvp5_sn207_2018_exports_np_sr1812_filtered
ctd095	sn207_2018_exports_np_sr1812	ES_6	andrew mcdonnell(amcdonnell@alaska.edu)	HDR20180830154833	uvp5	sr1812_095	2018-08-30 15:48:33	50.64053	-145.10538	0.0017724	1.32	0.097	export_detailed_20240422_11_10_PAR_ctd095.tsv	export_detailed_20240422_11_10_ZOO_ctd095.tsv	uvp5_sn207_2018_exports_np_sr1812_filtered
ctd096	sn207_2018_exports_np_sr1812	ES_7	andrew mcdonnell(amcdonnell@alaska.edu)	HDR20180830174628	uvp5	sr1812_096	2018-08-30 17:46:28	50.76782	-145.3009	0.0017724	1.32	0.097	export_detailed_20240422_11_10_PAR_ctd096.tsv	export_detailed_20240422_11_10_ZOO_ctd096.tsv	uvp5_sn207_2018_exports_np_sr1812_filtered
ctd097	sn207_2018_exports_np_sr1812	ES_8	andrew mcdonnell(amcdonnell@alaska.edu)	HDR20180830212715	uvp5	sr1812_097	2018-08-30 21:27:15	50.89428	-145.50094	0.0017724	1.32	0.097	export_detailed_20240422_11_10_PAR_ctd097.tsv	export_detailed_20240422_11_10_ZOO_ctd097.tsv	uvp5_sn207_2018_exports_np_sr1812_filtered
ctd098	sn207_2018_exports_np_sr1812	ES_8	andrew mcdonnell(amcdonnell@alaska.edu)	HDR20180830233124	uvp5	sr1812_098	2018-08-30 23:31:24	50.89427	-145.501	0.0017724	1.32	0.097	export_detailed_20240422_11_10_PAR_ctd098.tsv	export_detailed_20240422_11_10_ZOO_ctd098.tsv	uvp5_sn207_2018_exports_np_sr1812_filtered
ctd099	sn207_2018_exports_np_sr1812	ES9	andrew mcdonnell(amcdonnell@alaska.edu)	HDR20180831043753	uvp5	sr1812_099	2018-08-31 04:37:53	51.01782	-145.6771	0.0017724	1.32	0.097	export_detailed_20240422_11_10_PAR_ctd099.tsv	export_detailed_20240422_11_10_ZOO_ctd099.tsv	uvp5_sn207_2018_exports_np_sr1812_filtered
ctd100	sn207_2018_exports_np_sr1812	SS_5	andrew mcdonnell(amcdonnell@alaska.edu)	HDR20180831113709	uvp5	sr1812_100	2018-08-31 11:37:09	50.74575	-144.86987	0.0017724	1.32	0.097	export_detailed_20240422_11_10_PAR_ctd100.tsv	export_detailed_20240422_11_10_ZOO_ctd100.tsv	uvp5_sn207_2018_exports_np_sr1812_filtered
ctd101	sn207_2018_exports_np_sr1812	SS7	andrew mcdonnell(amcdonnell@alaska.edu)	HDR20180831151809	uvp5	sr1812_101	2018-08-31 15:18:09	50.64364	-144.86908	0.0017724	1.32	0.097	export_detailed_20240422_11_10_PAR_ctd101.tsv	export_detailed_20240422_11_10_ZOO_ctd101.tsv	uvp5_sn207_2018_exports_np_sr1812_filtered
ctd102	sn207_2018_exports_np_sr1812	SS3	andrew mcdonnell(amcdonnell@alaska.edu)	HDR20180831180924	uvp5	sr1812_102	2018-08-31 18:09:24	50.64365	-145.02809	0.0017724	1.32	0.097	export_detailed_20240422_11_10_PAR_ctd102.tsv	export_detailed_20240422_11_10_ZOO_ctd102.tsv	uvp5_sn207_2018_exports_np_sr1812_filtered
ctd104	sn207_2018_exports_np_sr1812	SS_8	andrew mcdonnell(amcdonnell@alaska.edu)	HDR20180901000631	uvp5	sr1812_104	2018-09-01 00:06:31	50.59389	-144.94877	0.0017724	1.32	0.097	export_detailed_20240422_11_10_PAR_ctd104.tsv	export_detailed_20240422_11_10_ZOO_ctd104.tsv	uvp5_sn207_2018_exports_np_sr1812_filtered
ctd107	sn207_2018_exports_np_sr1812	SS6	andrew mcdonnell(amcdonnell@alaska.edu)	HDR20180901175553	uvp5	sr1812_107	2018-09-01 17:55:53	50.69388	-144.78814	0.0017724	1.32	0.097	export_detailed_20240422_11_10_PAR_ctd107.tsv	export_detailed_20240422_11_10_ZOO_ctd107.tsv	uvp5_sn207_2018_exports_np_sr1812_filtered
ctd108	sn207_2018_exports_np_sr1812	SS_13	andrew mcdonnell(amcdonnell@alaska.edu)	HDR20180901210422	uvp5	sr1812_108	2018-09-01 21:04:22	50.64308	-144.70964	0.0017724	1.32	0.097	export_detailed_20240422_11_10_PAR_ctd108.tsv	export_detailed_20240422_11_10_ZOO_ctd108.tsv	uvp5_sn207_2018_exports_np_sr1812_filtered
ctd109	sn207_2018_exports_np_sr1812	SS_13	andrew mcdonnell(amcdonnell@alaska.edu)	HDR20180901225001	uvp5	sr1812_109	2018-09-01 22:50:01	50.64305	-144.70963	0.0017724	1.32	0.097	export_detailed_20240422_11_10_PAR_ctd109.tsv	export_detailed_20240422_11_10_ZOO_ctd109.tsv	uvp5_sn207_2018_exports_np_sr1812_filtered
ctd111	sn207_2018_exports_np_sr1812	SS12	andrew mcdonnell(amcdonnell@alaska.edu)	HDR20180902151159	uvp5	sr1812_111	2018-09-02 15:11:59	50.59303	-144.79069	0.0017724	1.32	0.097	export_detailed_20240422_11_10_PAR_ctd111.tsv	export_detailed_20240422_11_10_ZOO_ctd111.tsv	uvp5_sn207_2018_exports_np_sr1812_filtered
ctd112	sn207_2018_exports_np_sr1812	SS14	andrew mcdonnell(amcdonnell@alaska.edu)	HDR20180902213545	uvp5	sr1812_112	2018-09-02 21:35:45	50.5924	-144.64025	0.0017724	1.32	0.097	export_detailed_20240422_11_10_PAR_ctd112.tsv	export_detailed_20240422_11_10_ZOO_ctd112.tsv	uvp5_sn207_2018_exports_np_sr1812_filtered
ctd113	sn207_2018_exports_np_sr1812	SS_14	andrew mcdonnell(amcdonnell@alaska.edu)	HDR20180902233209	uvp5	sr1812_113	2018-09-02 23:32:09	50.59241	-144.64027	0.0017724	1.32	0.097	export_detailed_20240422_11_10_PAR_ctd113.tsv	export_detailed_20240422_11_10_ZOO_ctd113.tsv	uvp5_sn207_2018_exports_np_sr1812_filtered
ctd114	sn207_2018_exports_np_sr1812	SS_15	andrew mcdonnell(amcdonnell@alaska.edu)	HDR20180903012833	uvp5	sr1812_114	2018-09-03 01:28:33	50.54267	-144.71048	0.0017724	1.32	0.097	export_detailed_20240422_11_10_PAR_ctd114.tsv	export_detailed_20240422_11_10_ZOO_ctd114.tsv	uvp5_sn207_2018_exports_np_sr1812_filtered
ctd116	sn207_2018_exports_np_sr1812	SS17	andrew mcdonnell(amcdonnell@alaska.edu)	HDR20180903180720	uvp5	sr1812_116	2018-09-03 18:07:20	50.4409	-144.86998	0.0017724	1.32	0.097	export_detailed_20240422_11_10_PAR_ctd116.tsv	export_detailed_20240422_11_10_ZOO_ctd116.tsv	uvp5_sn207_2018_exports_np_sr1812_filtered
ctd117	sn207_2018_exports_np_sr1812	SS10	andrew mcdonnell(amcdonnell@alaska.edu)	HDR20180903214355	uvp5	sr1812_117	2018-09-03 21:43:55	50.49127	-144.95419	0.0017724	1.32	0.097	export_detailed_20240422_11_10_PAR_ctd117.tsv	export_detailed_20240422_11_10_ZOO_ctd117.tsv	uvp5_sn207_2018_exports_np_sr1812_filtered
ctd118	sn207_2018_exports_np_sr1812	SS10	andrew mcdonnell(amcdonnell@alaska.edu)	HDR20180903233742	uvp5	sr1812_118	2018-09-03 23:37:42	50.49127	-144.95419	0.0017724	1.32	0.097	export_detailed_20240422_11_10_PAR_ctd118.tsv	export_detailed_20240422_11_10_ZOO_ctd118.tsv	uvp5_sn207_2018_exports_np_sr1812_filtered
ctd119	sn207_2018_exports_np_sr1812	SS11	andrew mcdonnell(amcdonnell@alaska.edu)	HDR20180904035049	uvp5	sr1812_119	2018-09-04 03:50:49	50.54295	-144.86941	0.0017724	1.32	0.097	export_detailed_20240422_11_10_PAR_ctd119.tsv	export_detailed_20240422_11_10_ZOO_ctd119.tsv	uvp5_sn207_2018_exports_np_sr1812_filtered
ctd121	sn207_2018_exports_np_sr1812	SS9	andrew mcdonnell(amcdonnell@alaska.edu)	HDR20180904180501	uvp5	sr1812_121	2018-09-04 18:05:01	50.54214	-145.02756	0.0017724	1.32	0.097	export_detailed_20240422_11_10_PAR_ctd121.tsv	export_detailed_20240422_11_10_ZOO_ctd121.tsv	uvp5_sn207_2018_exports_np_sr1812_filtered
ctd122	sn207_2018_exports_np_sr1812	SS_st._2	andrew mcdonnell(amcdonnell@alaska.edu)	HDR20180904211146	uvp5	sr1812_122	2018-09-04 21:11:46	50.59247	-145.10587	0.0017724	1.32	0.097	export_detailed_20240422_11_10_PAR_ctd122.tsv	export_detailed_20240422_11_10_ZOO_ctd122.tsv	uvp5_sn207_2018_exports_np_sr1812_filtered
ctd123	sn207_2018_exports_np_sr1812	LS1	andrew mcdonnell(amcdonnell@alaska.edu)	HDR20180906031141	uvp5	sr1812_123	2018-09-06 03:11:41	50.59279	-144.8698	0.0017724	1.32	0.097	export_detailed_20240422_11_10_PAR_ctd123.tsv	export_detailed_20240422_11_10_ZOO_ctd123.tsv	uvp5_sn207_2018_exports_np_sr1812_filtered
ctd124	sn207_2018_exports_np_sr1812	LS_11	andrew mcdonnell(amcdonnell@alaska.edu)	HDR20180906061103	uvp5	sr1812_124	2018-09-06 06:11:03	50.68219	-144.86974	0.0017724	1.32	0.097	export_detailed_20240422_11_10_PAR_ctd124.tsv	export_detailed_20240422_11_10_ZOO_ctd124.tsv	uvp5_sn207_2018_exports_np_sr1812_filtered
ctd125	sn207_2018_exports_np_sr1812	LS_13	andrew mcdonnell(amcdonnell@alaska.edu)	HDR20180906095419	uvp5	sr1812_125	2018-09-06 09:54:19	51.04183	-144.87117	0.0017724	1.32	0.097	export_detailed_20240422_11_10_PAR_ctd125.tsv	export_detailed_20240422_11_10_ZOO_ctd125.tsv	uvp5_sn207_2018_exports_np_sr1812_filtered
ctd127	sn207_2018_exports_np_sr1812	LS12	andrew mcdonnell(amcdonnell@alaska.edu)	HDR20180906152658	uvp5	sr1812_127	2018-09-06 15:26:58	50.86284	-144.86984	0.0017724	1.32	0.097	export_detailed_20240422_11_10_PAR_ctd127.tsv	export_detailed_20240422_11_10_ZOO_ctd127.tsv	uvp5_sn207_2018_exports_np_sr1812_filtered
ctd128	sn207_2018_exports_np_sr1812	LS18	andrew mcdonnell(amcdonnell@alaska.edu)	HDR20180906190252	uvp5	sr1812_128	2018-09-06 19:02:52	50.59312	-144.45042	0.0017724	1.32	0.097	export_detailed_20240422_11_10_PAR_ctd128.tsv	export_detailed_20240422_11_10_ZOO_ctd128.tsv	uvp5_sn207_2018_exports_np_sr1812_filtered
ctd129	sn207_2018_exports_np_sr1812	LS_18	andrew mcdonnell(amcdonnell@alaska.edu)	HDR20180906213510	uvp5	sr1812_129	2018-09-06 21:35:10	50.59497	-144.4512	0.0017724	1.32	0.097	export_detailed_20240422_11_10_PAR_ctd129.tsv	export_detailed_20240422_11_10_ZOO_ctd129.tsv	uvp5_sn207_2018_exports_np_sr1812_filtered
ctd130	sn207_2018_exports_np_sr1812	Wire_Walker_calibration_-_3	andrew mcdonnell(amcdonnell@alaska.edu)	HDR20180907014134	uvp5	sr1812_130	2018-09-07 01:41:34	50.42756	-144.68308	0.0017724	1.32	0.097	export_detailed_20240422_11_10_PAR_ctd130.tsv	export_detailed_20240422_11_10_ZOO_ctd130.tsv	uvp5_sn207_2018_exports_np_sr1812_filtered
ctd131	sn207_2018_exports_np_sr1812	LS19	andrew mcdonnell(amcdonnell@alaska.edu)	HDR20180907051849	uvp5	sr1812_131	2018-09-07 05:18:49	50.5925	-144.73072	0.0017724	1.32	0.097	export_detailed_20240422_11_10_PAR_ctd131.tsv	export_detailed_20240422_11_10_ZOO_ctd131.tsv	uvp5_sn207_2018_exports_np_sr1812_filtered
ctd132	sn207_2018_exports_np_sr1812	LS15	andrew mcdonnell(amcdonnell@alaska.edu)	HDR20180907080507	uvp5	sr1812_132	2018-09-07 08:05:07	50.8176	-144.52094	0.0017724	1.32	0.097	export_detailed_20240422_11_10_PAR_ctd132.tsv	export_detailed_20240422_11_10_ZOO_ctd132.tsv	uvp5_sn207_2018_exports_np_sr1812_filtered
ctd133	sn207_2018_exports_np_sr1812	LS_16	andrew mcdonnell(amcdonnell@alaska.edu)	HDR20180907111529	uvp5	sr1812_133	2018-09-07 11:15:29	50.70601	-144.34524	0.0017724	1.32	0.097	export_detailed_20240422_11_10_PAR_ctd133.tsv	export_detailed_20240422_11_10_ZOO_ctd133.tsv	uvp5_sn207_2018_exports_np_sr1812_filtered
ctd134	sn207_2018_exports_np_sr1812	LS17	andrew mcdonnell(amcdonnell@alaska.edu)	HDR20180907150134	uvp5	sr1812_134	2018-09-07 15:01:34	50.5929	-144.17052	0.0017724	1.32	0.097	export_detailed_20240422_11_10_PAR_ctd134.tsv	export_detailed_20240422_11_10_ZOO_ctd134.tsv	uvp5_sn207_2018_exports_np_sr1812_filtered
ctd135	sn207_2018_exports_np_sr1812	LS_10	andrew mcdonnell(amcdonnell@alaska.edu)	HDR20180907213735	uvp5	sr1812_135	2018-09-07 21:37:35	50.56543	-144.68179	0.0017724	1.32	0.097	export_detailed_20240422_11_10_PAR_ctd135.tsv	export_detailed_20240422_11_10_ZOO_ctd135.tsv	uvp5_sn207_2018_exports_np_sr1812_filtered
ctd136	sn207_2018_exports_np_sr1812	Lagrangian_float_cal_cast_-_5	andrew mcdonnell(amcdonnell@alaska.edu)	HDR20180908021107	uvp5	sr1812_136	2018-09-08 02:11:07	50.56543	-144.6818	0.0017724	1.32	0.097	export_detailed_20240422_11_10_PAR_ctd136.tsv	export_detailed_20240422_11_10_ZOO_ctd136.tsv	uvp5_sn207_2018_exports_np_sr1812_filtered
ctd137	sn207_2018_exports_np_sr1812	LS2	andrew mcdonnell(amcdonnell@alaska.edu)	HDR20180908052928	uvp5	sr1812_137	2018-09-08 05:29:28	50.59313	-145.00984	0.0017724	1.32	0.097	export_detailed_20240422_11_10_PAR_ctd137.tsv	export_detailed_20240422_11_10_ZOO_ctd137.tsv	uvp5_sn207_2018_exports_np_sr1812_filtered
ctd138	sn207_2018_exports_np_sr1812	LS4	andrew mcdonnell(amcdonnell@alaska.edu)	HDR20180908082759	uvp5	sr1812_138	2018-09-08 08:27:59	50.59285	-145.56971	0.0017724	1.32	0.097	export_detailed_20240422_11_10_PAR_ctd138.tsv	export_detailed_20240422_11_10_ZOO_ctd138.tsv	uvp5_sn207_2018_exports_np_sr1812_filtered
ctd139	sn207_2018_exports_np_sr1812	LS_5	andrew mcdonnell(amcdonnell@alaska.edu)	HDR20180908113145	uvp5	sr1812_139	2018-09-08 11:31:45	50.48062	-145.39498	0.0017724	1.32	0.097	export_detailed_20240422_11_10_PAR_ctd139.tsv	export_detailed_20240422_11_10_ZOO_ctd139.tsv	uvp5_sn207_2018_exports_np_sr1812_filtered
ctd140	sn207_2018_exports_np_sr1812	LS3	andrew mcdonnell(amcdonnell@alaska.edu)	HDR20180908145612	uvp5	sr1812_140	2018-09-08 14:56:12	50.59278	-145.29067	0.0017724	1.32	0.097	export_detailed_20240422_11_10_PAR_ctd140.tsv	export_detailed_20240422_11_10_ZOO_ctd140.tsv	uvp5_sn207_2018_exports_np_sr1812_filtered
ctd141	sn207_2018_exports_np_sr1812	LS_9	andrew mcdonnell(amcdonnell@alaska.edu)	HDR20180908185457	uvp5	sr1812_141	2018-09-08 18:54:57	50.32326	-144.86865	0.0017724	1.32	0.097	export_detailed_20240422_11_10_PAR_ctd141.tsv	export_detailed_20240422_11_10_ZOO_ctd141.tsv	uvp5_sn207_2018_exports_np_sr1812_filtered
ctd142	sn207_2018_exports_np_sr1812	LS_9	andrew mcdonnell(amcdonnell@alaska.edu)	HDR20180908220048	uvp5	sr1812_142	2018-09-08 22:00:48	50.32658	-144.87606	0.0017724	1.32	0.097	export_detailed_20240422_11_10_PAR_ctd142.tsv	export_detailed_20240422_11_10_ZOO_ctd142.tsv	uvp5_sn207_2018_exports_np_sr1812_filtered
ctd143	sn207_2018_exports_np_sr1812	Seaglider_cal_cast_4	andrew mcdonnell(amcdonnell@alaska.edu)	HDR20180909025932	uvp5	sr1812_143	2018-09-09 02:59:32	50.56908	-144.54346	0.0017724	1.32	0.097	export_detailed_20240422_11_10_PAR_ctd143.tsv	export_detailed_20240422_11_10_ZOO_ctd143.tsv	uvp5_sn207_2018_exports_np_sr1812_filtered
ctd144	sn207_2018_exports_np_sr1812	SG_cal_4	andrew mcdonnell(amcdonnell@alaska.edu)	HDR20180909045109	uvp5	sr1812_144	2018-09-09 04:51:09	50.56908	-144.54345	0.0017724	1.32	0.097	export_detailed_20240422_11_10_PAR_ctd144.tsv	export_detailed_20240422_11_10_ZOO_ctd144.tsv	uvp5_sn207_2018_exports_np_sr1812_filtered
export001	sn201_exports01	20180814.0350.001	university of maine(emmanuel.boss@maine.edu)	HDR20180814053528	uvp5	RR1813_SIO001	2018-08-14 05:35:28	50.09441	-145.04867	0.00266	1.2194	0.094	export_detailed_20240422_11_10_PAR_export001.tsv	export_detailed_20240422_11_10_ZOO_export001.tsv	uvp5_sn201_exports01_filtered
export002	sn201_exports01	20180814.1803.001	university of maine(emmanuel.boss@maine.edu)	HDR20180814191651	uvp5	RR1813_SIO002	2018-08-14 19:16:51	49.92872	-144.95258	0.00266	1.2194	0.094	export_detailed_20240422_11_10_PAR_export002.tsv	export_detailed_20240422_11_10_ZOO_export002.tsv	uvp5_sn201_exports01_filtered
export003	sn201_exports01	20180815.0504.001	university of maine(emmanuel.boss@maine.edu)	HDR20180815064730	uvp5	RR1813_SIO003	2018-08-15 06:47:30	50.09388	-145.06094	0.00266	1.2194	0.094	export_detailed_20240422_11_10_PAR_export003.tsv	export_detailed_20240422_11_10_ZOO_export003.tsv	uvp5_sn201_exports01_filtered
export004	sn201_exports01	20180815.0903.001	university of maine(emmanuel.boss@maine.edu)	HDR20180815101534	uvp5	RR1813_SIO004	2018-08-15 10:15:34	50.09312	-145.06028	0.00266	1.2194	0.094	export_detailed_20240422_11_10_PAR_export004.tsv	export_detailed_20240422_11_10_ZOO_export004.tsv	uvp5_sn201_exports01_filtered
export005	sn201_exports01	20180815.2307.001	university of maine(emmanuel.boss@maine.edu)	HDR20180816001512	uvp5	RR1813_SIO005	2018-08-16 00:15:12	50.10671	-145.07082	0.00266	1.2194	0.094	export_detailed_20240422_11_10_PAR_export005.tsv	export_detailed_20240422_11_10_ZOO_export005.tsv	uvp5_sn201_exports01_filtered
export006	sn201_exports01	20180816.0030.001	university of maine(emmanuel.boss@maine.edu)	HDR20180816013236	uvp5	RR1813_SIO006	2018-08-16 01:32:36	50.1067	-145.07081	0.00266	1.2194	0.094	export_detailed_20240422_11_10_PAR_export006.tsv	export_detailed_20240422_11_10_ZOO_export006.tsv	uvp5_sn201_exports01_filtered
export007	sn201_exports01	20180816.0905.001	university of maine(emmanuel.boss@maine.edu)	HDR20180816102351	uvp5	RR1813_SIO007	2018-08-16 10:23:51	50.14974	-145.08733	0.00266	1.2194	0.094	export_detailed_20240422_11_10_PAR_export007.tsv	export_detailed_20240422_11_10_ZOO_export007.tsv	uvp5_sn201_exports01_filtered
export008	sn201_exports01	20180816.1653.001	university of maine(emmanuel.boss@maine.edu)	HDR20180816181216	uvp5	RR1813_SIO008	2018-08-16 18:12:16	50.14945	-145.087	0.00266	1.2194	0.094	export_detailed_20240422_11_10_PAR_export008.tsv	export_detailed_20240422_11_10_ZOO_export008.tsv	uvp5_sn201_exports01_filtered
export009	sn201_exports01	20180817.0108.001	university of maine(emmanuel.boss@maine.edu)	HDR20180817021746	uvp5	RR1813_SIO009	2018-08-17 02:17:46	50.16677	-145.05184	0.00266	1.2194	0.094	export_detailed_20240422_11_10_PAR_export009.tsv	export_detailed_20240422_11_10_ZOO_export009.tsv	uvp5_sn201_exports01_filtered
export010	sn201_exports01	20180817.1145.001	university of maine(emmanuel.boss@maine.edu)	HDR20180817131509	uvp5	RR1813_SIO010	2018-08-17 13:15:09	50.18399	-145.04035	0.00266	1.2194	0.094	export_detailed_20240422_11_10_PAR_export010.tsv	export_detailed_20240422_11_10_ZOO_export010.tsv	uvp5_sn201_exports01_filtered
export011	sn201_exports01	20180817.2205.001	university of maine(emmanuel.boss@maine.edu)	HDR20180817230839	uvp5	RR1813_SIO011	2018-08-17 23:08:39	50.19977	-145.04115	0.00266	1.2194	0.094	export_detailed_20240422_11_10_PAR_export011.tsv	export_detailed_20240422_11_10_ZOO_export011.tsv	uvp5_sn201_exports01_filtered
export012	sn201_exports01	20180818.0605.001	university of maine(emmanuel.boss@maine.edu)	HDR20180818070211	uvp5	RR1813_SIO012	2018-08-18 07:02:11	50.22049	-145.09193	0.00266	1.2194	0.094	export_detailed_20240422_11_10_PAR_export012.tsv	export_detailed_20240422_11_10_ZOO_export012.tsv	uvp5_sn201_exports01_filtered
export013	sn201_exports01	20180818.0911.001	university of maine(emmanuel.boss@maine.edu)	HDR20180818102647	uvp5	RR1813_SIO013	2018-08-18 10:26:47	50.22053	-145.09194	0.00266	1.2194	0.094	export_detailed_20240422_11_10_PAR_export013.tsv	export_detailed_20240422_11_10_ZOO_export013.tsv	uvp5_sn201_exports01_filtered
export014	sn201_exports01	20180818.1308.001	university of maine(emmanuel.boss@maine.edu)	HDR20180818141438	uvp5	RR1813_SIO014	2018-08-18 14:14:38	50.22051	-145.09191	0.00266	1.2194	0.094	export_detailed_20240422_11_10_PAR_export014.tsv	export_detailed_20240422_11_10_ZOO_export014.tsv	uvp5_sn201_exports01_filtered
export015	sn201_exports01	20180818.1737.001	university of maine(emmanuel.boss@maine.edu)	HDR20180818184452	uvp5	RR1813_SIO015	2018-08-18 18:44:52	50.22046	-145.09205	0.00266	1.2194	0.094	export_detailed_20240422_11_10_PAR_export015.tsv	export_detailed_20240422_11_10_ZOO_export015.tsv	uvp5_sn201_exports01_filtered
export016	sn201_exports01	20180818.2147.001	university of maine(emmanuel.boss@maine.edu)	HDR20180818230036	uvp5	RR1813_SIO016	2018-08-18 23:00:36	50.2199	-145.09151	0.00266	1.2194	0.094	export_detailed_20240422_11_10_PAR_export016.tsv	export_detailed_20240422_11_10_ZOO_export016.tsv	uvp5_sn201_exports01_filtered
export017	sn201_exports01	20180819.2030.001	university of maine(emmanuel.boss@maine.edu)	HDR20180819214445	uvp5	RR1813_SIO017	2018-08-19 21:44:45	50.31875	-144.98957	0.00266	1.2194	0.094	export_detailed_20240422_11_10_PAR_export017.tsv	export_detailed_20240422_11_10_ZOO_export017.tsv	uvp5_sn201_exports01_filtered
export018	sn201_exports01	20180819.2310.001	university of maine(emmanuel.boss@maine.edu)	HDR20180819231017	uvp5	RR1813_SIO018	2018-08-19 23:10:17	50.323	-144.99168	0.00266	1.2194	0.094	export_detailed_20240422_11_10_PAR_export018.tsv	export_detailed_20240422_11_10_ZOO_export018.tsv	uvp5_sn201_exports01_filtered
export019	sn201_exports01	20180820.0604.001	university of maine(emmanuel.boss@maine.edu)	HDR20180820070739	uvp5	RR1813_SIO019	2018-08-20 07:07:39	50.31967	-145.07269	0.00266	1.2194	0.094	export_detailed_20240422_11_10_PAR_export019.tsv	export_detailed_20240422_11_10_ZOO_export019.tsv	uvp5_sn201_exports01_filtered
export020	sn201_exports01	20180820.0906.001	university of maine(emmanuel.boss@maine.edu)	HDR20180820101306	uvp5	RR1813_SIO020	2018-08-20 10:13:06	50.31973	-145.07267	0.00266	1.2194	0.094	export_detailed_20240422_11_10_PAR_export020.tsv	export_detailed_20240422_11_10_ZOO_export020.tsv	uvp5_sn201_exports01_filtered
export021	sn201_exports01	20180820.1201.001	university of maine(emmanuel.boss@maine.edu)	HDR20180820130849	uvp5	RR1813_SIO021	2018-08-20 13:08:49	50.31969	-145.07275	0.00266	1.2194	0.094	export_detailed_20240422_11_10_PAR_export021.tsv	export_detailed_20240422_11_10_ZOO_export021.tsv	uvp5_sn201_exports01_filtered
export022	sn201_exports01	20180820.1548.001	university of maine(emmanuel.boss@maine.edu)	HDR20180820172721	uvp5	RR1813_SIO022	2018-08-20 17:27:21	50.36517	-145.06368	0.00266	1.2194	0.094	export_detailed_20240422_11_10_PAR_export022.tsv	export_detailed_20240422_11_10_ZOO_export022.tsv	uvp5_sn201_exports01_filtered
export023	sn201_exports01	20180820.2159.001	university of maine(emmanuel.boss@maine.edu)	HDR20180820230520	uvp5	RR1813_SIO023	2018-08-20 23:05:20	50.36642	-145.06262	0.00266	1.2194	0.094	export_detailed_20240422_11_10_PAR_export023.tsv	export_detailed_20240422_11_10_ZOO_export023.tsv	uvp5_sn201_exports01_filtered
export024	sn201_exports01	20180821.1104.001	university of maine(emmanuel.boss@maine.edu)	HDR20180821122045	uvp5	RR1813_SIO024	2018-08-21 12:20:45	50.39305	-145.01727	0.00266	1.2194	0.094	export_detailed_20240422_11_10_PAR_export024.tsv	export_detailed_20240422_11_10_ZOO_export024.tsv	uvp5_sn201_exports01_filtered
export025	sn201_exports01	20180822.0331.001	university of maine(emmanuel.boss@maine.edu)	HDR20180822043636	uvp5	RR1813_SIO025	2018-08-22 04:36:36	50.38275	-145.10526	0.00266	1.2194	0.094	export_detailed_20240422_11_10_PAR_export025.tsv	export_detailed_20240422_11_10_ZOO_export025.tsv	uvp5_sn201_exports01_filtered
export026	sn201_exports01	20180822.1435.001	university of maine(emmanuel.boss@maine.edu)	HDR20180822153230	uvp5	RR1813_SIO026	2018-08-22 15:32:30	50.38845	-145.14104	0.00266	1.2194	0.094	export_detailed_20240422_11_10_PAR_export026.tsv	export_detailed_20240422_11_10_ZOO_export026.tsv	uvp5_sn201_exports01_filtered
export027	sn201_exports01	20180822.2202.001	university of maine(emmanuel.boss@maine.edu)	HDR20180822230509	uvp5	RR1813_SIO027	2018-08-22 23:05:09	50.38476	-145.14154	0.00266	1.2194	0.094	export_detailed_20240422_11_10_PAR_export027.tsv	export_detailed_20240422_11_10_ZOO_export027.tsv	uvp5_sn201_exports01_filtered
export028	sn201_exports01	20180823.0605.001	university of maine(emmanuel.boss@maine.edu)	HDR20180823070605	uvp5	RR1813_SIO028	2018-08-23 07:06:05	50.41437	-145.10886	0.00266	1.2194	0.094	export_detailed_20240422_11_10_PAR_export028.tsv	export_detailed_20240422_11_10_ZOO_export028.tsv	uvp5_sn201_exports01_filtered
export029	sn201_exports01	20180823.0903.001	university of maine(emmanuel.boss@maine.edu)	HDR20180823100903	uvp5	RR1813_SIO029	2018-08-23 10:09:03	50.41583	-145.10902	0.00266	1.2194	0.094	export_detailed_20240422_11_10_PAR_export029.tsv	export_detailed_20240422_11_10_ZOO_export029.tsv	uvp5_sn201_exports01_filtered
export030	sn201_exports01	20180823.1700.001	university of maine(emmanuel.boss@maine.edu)	HDR20180823180417	uvp5	RR1813_SIO030	2018-08-23 18:04:17	50.41311	-145.12144	0.00266	1.2194	0.094	export_detailed_20240422_11_10_PAR_export030.tsv	export_detailed_20240422_11_10_ZOO_export030.tsv	uvp5_sn201_exports01_filtered
export031	sn201_exports01	20180823.2144.001	university of maine(emmanuel.boss@maine.edu)	HDR20180823230626	uvp5	RR1813_SIO031	2018-08-23 23:06:26	50.41232	-145.1248	0.00266	1.2194	0.094	export_detailed_20240422_11_10_PAR_export031.tsv	export_detailed_20240422_11_10_ZOO_export031.tsv	uvp5_sn201_exports01_filtered
export032	sn201_exports01	20180824.0418.001	university of maine(emmanuel.boss@maine.edu)	HDR20180824052406	uvp5	RR1813_SIO032	2018-08-24 05:24:06	50.42845	-145.07497	0.00266	1.2194	0.094	export_detailed_20240422_11_10_PAR_export032.tsv	export_detailed_20240422_11_10_ZOO_export032.tsv	uvp5_sn201_exports01_filtered
export033	sn201_exports01	20180824.1010.001	university of maine(emmanuel.boss@maine.edu)	HDR20180824101003	uvp5	RR1813_SIO033	2018-08-24 10:10:03	50.47429	-145.11134	0.00266	1.2194	0.094	export_detailed_20240422_11_10_PAR_export033.tsv	export_detailed_20240422_11_10_ZOO_export033.tsv	uvp5_sn201_exports01_filtered
export034	sn201_exports01	20180824.1301.001	university of maine(emmanuel.boss@maine.edu)	HDR20180824140610	uvp5	RR1813_SIO034	2018-08-24 14:06:10	50.47436	-145.11129	0.00266	1.2194	0.094	export_detailed_20240422_11_10_PAR_export034.tsv	export_detailed_20240422_11_10_ZOO_export034.tsv	uvp5_sn201_exports01_filtered
export035	sn201_exports01	20180825.0144.001	university of maine(emmanuel.boss@maine.edu)	HDR20180825025618	uvp5	RR1813_SIO035	2018-08-25 02:56:18	50.39332	-145.22124	0.00266	1.2194	0.094	export_detailed_20240422_11_10_PAR_export035.tsv	export_detailed_20240422_11_10_ZOO_export035.tsv	uvp5_sn201_exports01_filtered
export036	sn201_exports01	20180825.1244.001	university of maine(emmanuel.boss@maine.edu)	HDR20180825134509	uvp5	RR1813_SIO036	2018-08-25 13:45:09	50.47515	-145.16413	0.00266	1.2194	0.094	export_detailed_20240422_11_10_PAR_export036.tsv	export_detailed_20240422_11_10_ZOO_export036.tsv	uvp5_sn201_exports01_filtered
export037	sn201_exports01	20180825.2155.001	university of maine(emmanuel.boss@maine.edu)	HDR20180825230433	uvp5	RR1813_SIO037	2018-08-25 23:04:33	50.46081	-145.00511	0.00266	1.2194	0.094	export_detailed_20240422_11_10_PAR_export037.tsv	export_detailed_20240422_11_10_ZOO_export037.tsv	uvp5_sn201_exports01_filtered
export038	sn201_exports01	20180826.0301.001	university of maine(emmanuel.boss@maine.edu)	HDR20180826060426	uvp5	RR1813_SIO038	2018-08-26 06:04:26	50.54234	-145.01708	0.00266	1.2194	0.094	export_detailed_20240422_11_10_PAR_export038.tsv	export_detailed_20240422_11_10_ZOO_export038.tsv	uvp5_sn201_exports01_filtered
export039	sn201_exports01	20180826.0903.001	university of maine(emmanuel.boss@maine.edu)	HDR20180826101243	uvp5	RR1813_SIO039	2018-08-26 10:12:43	50.53564	-145.03072	0.00266	1.2194	0.094	export_detailed_20240422_11_10_PAR_export039.tsv	export_detailed_20240422_11_10_ZOO_export039.tsv	uvp5_sn201_exports01_filtered
export040	sn201_exports01	20180826.1400.001	university of maine(emmanuel.boss@maine.edu)	HDR20180826151013	uvp5	RR1813_SIO040	2018-08-26 15:10:13	50.49232	-144.97293	0.00266	1.2194	0.094	export_detailed_20240422_11_10_PAR_export040.tsv	export_detailed_20240422_11_10_ZOO_export040.tsv	uvp5_sn201_exports01_filtered
export041	sn201_exports01	20180826.1559.001	university of maine(emmanuel.boss@maine.edu)	HDR20180826170719	uvp5	RR1813_SIO041	2018-08-26 17:07:19	50.48515	-144.95282	0.00266	1.2194	0.094	export_detailed_20240422_11_10_PAR_export041.tsv	export_detailed_20240422_11_10_ZOO_export041.tsv	uvp5_sn201_exports01_filtered
export042	sn201_exports01	20180826.2159.001	university of maine(emmanuel.boss@maine.edu)	HDR20180826230544	uvp5	RR1813_SIO042	2018-08-26 23:05:44	50.47482	-144.9797	0.00266	1.2194	0.094	export_detailed_20240422_11_10_PAR_export042.tsv	export_detailed_20240422_11_10_ZOO_export042.tsv	uvp5_sn201_exports01_filtered
export043	sn201_exports01	20180827.0602.001	university of maine(emmanuel.boss@maine.edu)	HDR20180827070742	uvp5	RR1813_SIO043	2018-08-27 07:07:42	50.56579	-144.99467	0.00266	1.2194	0.094	export_detailed_20240422_11_10_PAR_export043.tsv	export_detailed_20240422_11_10_ZOO_export043.tsv	uvp5_sn201_exports01_filtered
export044	sn201_exports01	20180827.1730.001	university of maine(emmanuel.boss@maine.edu)	HDR20180827183844	uvp5	RR1813_SIO044	2018-08-27 18:38:44	50.47802	-144.88578	0.00266	1.2194	0.094	export_detailed_20240422_11_10_PAR_export044.tsv	export_detailed_20240422_11_10_ZOO_export044.tsv	uvp5_sn201_exports01_filtered
export045	sn201_exports01	20180827.2158.001	university of maine(emmanuel.boss@maine.edu)	HDR20180827230134	uvp5	RR1813_SIO045	2018-08-27 23:01:34	50.47629	-144.8976	0.00266	1.2194	0.094	export_detailed_20240422_11_10_PAR_export045.tsv	export_detailed_20240422_11_10_ZOO_export045.tsv	uvp5_sn201_exports01_filtered
export046	sn201_exports01	20180828.0931.001	university of maine(emmanuel.boss@maine.edu)	HDR20180828104115	uvp5	RR1813_sio046	2018-08-28 10:41:15	50.49569	-144.87555	0.00266	1.2194	0.094	export_detailed_20240422_11_10_PAR_export046.tsv	export_detailed_20240422_11_10_ZOO_export046.tsv	uvp5_sn201_exports01_filtered
export047	sn201_exports01	20180828.1430.001	university of maine(emmanuel.boss@maine.edu)	HDR20180828153509	uvp5	RR1813_sio047	2018-08-28 15:35:09	50.4761	-144.84591	0.00266	1.2194	0.094	export_detailed_20240422_11_10_PAR_export047.tsv	export_detailed_20240422_11_10_ZOO_export047.tsv	uvp5_sn201_exports01_filtered
export048	sn201_exports01	20180828.1705.001	university of maine(emmanuel.boss@maine.edu)	HDR20180828180900	uvp5	RR1813_sio048	2018-08-28 18:09:00	50.47806	-144.8384	0.00266	1.2194	0.094	export_detailed_20240422_11_10_PAR_export048.tsv	export_detailed_20240422_11_10_ZOO_export048.tsv	uvp5_sn201_exports01_filtered
export049	sn201_exports01	20180828.2153.001	university of maine(emmanuel.boss@maine.edu)	HDR20180828230437	uvp5	RR1813_sio049	2018-08-28 23:04:37	50.48929	-144.83819	0.00266	1.2194	0.094	export_detailed_20240422_11_10_PAR_export049.tsv	export_detailed_20240422_11_10_ZOO_export049.tsv	uvp5_sn201_exports01_filtered
export050	sn201_exports01	20180829.0913.001	university of maine(emmanuel.boss@maine.edu)	HDR20180829101654	uvp5	RR1813_sio050	2018-08-29 10:16:54	50.48979	-144.8259	0.00266	1.2194	0.094	export_detailed_20240422_11_10_PAR_export050.tsv	export_detailed_20240422_11_10_ZOO_export050.tsv	uvp5_sn201_exports01_filtered
export051	sn201_exports01	20180829.1146.001	university of maine(emmanuel.boss@maine.edu)	HDR20180829125540	uvp5	RR1813_sio051	2018-08-29 12:55:40	50.48698	-144.81574	0.00266	1.2194	0.094	export_detailed_20240422_11_10_PAR_export051.tsv	export_detailed_20240422_11_10_ZOO_export051.tsv	uvp5_sn201_exports01_filtered
export052	sn201_exports01	20180830.0057.001	university of maine(emmanuel.boss@maine.edu)	HDR20180830020641	uvp5	RR1813_sio052	2018-08-30 02:06:41	50.49059	-144.81529	0.00266	1.2194	0.094	export_detailed_20240422_11_10_PAR_export052.tsv	export_detailed_20240422_11_10_ZOO_export052.tsv	uvp5_sn201_exports01_filtered
export053	sn201_exports01	20180830.1202.001	university of maine(emmanuel.boss@maine.edu)	HDR20180830130700	uvp5	RR1813_sio053	2018-08-30 13:07:00	50.48357	-144.78909	0.00266	1.2194	0.094	export_detailed_20240422_11_10_PAR_export053.tsv	export_detailed_20240422_11_10_ZOO_export053.tsv	uvp5_sn201_exports01_filtered
export054	sn201_exports01	20180830.1359.001	university of maine(emmanuel.boss@maine.edu)	HDR20180830150609	uvp5	RR1813_sio054	2018-08-30 15:06:09	50.48358	-144.79204	0.00266	1.2194	0.094	export_detailed_20240422_11_10_PAR_export054.tsv	export_detailed_20240422_11_10_ZOO_export054.tsv	uvp5_sn201_exports01_filtered
export055	sn201_exports01	20180830.2155.001	university of maine(emmanuel.boss@maine.edu)	HDR20180830230114	uvp5	RR1813_sio055	2018-08-30 23:01:14	50.46807	-144.77164	0.00266	1.2194	0.094	export_detailed_20240422_11_10_PAR_export055.tsv	export_detailed_20240422_11_10_ZOO_export055.tsv	uvp5_sn201_exports01_filtered
export056	sn201_exports01	20180831.0502.001	university of maine(emmanuel.boss@maine.edu)	HDR20180831070423	uvp5	RR1813_sio056	2018-08-31 07:04:23	50.58493	-144.86429	0.00266	1.2194	0.094	export_detailed_20240422_11_10_PAR_export056.tsv	export_detailed_20240422_11_10_ZOO_export056.tsv	uvp5_sn201_exports01_filtered
export057	sn201_exports01	20180831.0901.001	university of maine(emmanuel.boss@maine.edu)	HDR20180831101122	uvp5	RR1813_sio057	2018-08-31 10:11:22	50.58576	-144.86356	0.00266	1.2194	0.094	export_detailed_20240422_11_10_PAR_export057.tsv	export_detailed_20240422_11_10_ZOO_export057.tsv	uvp5_sn201_exports01_filtered
export058	sn201_exports01	20180831.2203.001	university of maine(emmanuel.boss@maine.edu)	HDR20180831230546	uvp5	RR1813_sio058	2018-08-31 23:05:46	50.58427	-144.85527	0.00266	1.2194	0.094	export_detailed_20240422_11_10_PAR_export058.tsv	export_detailed_20240422_11_10_ZOO_export058.tsv	uvp5_sn201_exports01_filtered
export059	sn201_exports01	20180901.0100.001	university of maine(emmanuel.boss@maine.edu)	HDR20180901020400	uvp5	RR1813_sio059	2018-09-01 02:04:00	50.58396	-144.86279	0.00266	1.2194	0.094	export_detailed_20240422_11_10_PAR_export059.tsv	export_detailed_20240422_11_10_ZOO_export059.tsv	uvp5_sn201_exports01_filtered
export060	sn201_exports01	20180901.1009.001	university of maine(emmanuel.boss@maine.edu)	HDR20180901111459	uvp5	RR1813_sio060	2018-09-01 11:14:59	50.58276	-144.84707	0.00266	1.2194	0.094	export_detailed_20240422_11_10_PAR_export060.tsv	export_detailed_20240422_11_10_ZOO_export060.tsv	uvp5_sn201_exports01_filtered
export061	sn201_exports01	20180901.1401.001	university of maine(emmanuel.boss@maine.edu)	HDR20180901150459	uvp5	RR1813_sio061	2018-09-01 15:04:59	50.5857	-144.8356	0.00266	1.2194	0.094	export_detailed_20240422_11_10_PAR_export061.tsv	export_detailed_20240422_11_10_ZOO_export061.tsv	uvp5_sn201_exports01_filtered
export062	sn201_exports01	20180901.1728.001	university of maine(emmanuel.boss@maine.edu)	HDR20180901183207	uvp5	RR1813_sio062	2018-09-01 18:32:07	50.59111	-144.80927	0.00266	1.2194	0.094	export_detailed_20240422_11_10_PAR_export062.tsv	export_detailed_20240422_11_10_ZOO_export062.tsv	uvp5_sn201_exports01_filtered
export063	sn201_exports01	20180902.0134.001	university of maine(emmanuel.boss@maine.edu)	HDR20180902023615	uvp5	RR1813_sio063	2018-09-02 02:36:15	50.58133	-144.77995	0.00266	1.2194	0.094	export_detailed_20240422_11_10_PAR_export063.tsv	export_detailed_20240422_11_10_ZOO_export063.tsv	uvp5_sn201_exports01_filtered
export064	sn201_exports01	20180902.1206.001	university of maine(emmanuel.boss@maine.edu)	HDR20180902132502	uvp5	RR1813_sio064	2018-09-02 13:25:02	50.58406	-144.76688	0.00266	1.2194	0.094	export_detailed_20240422_11_10_PAR_export064.tsv	export_detailed_20240422_11_10_ZOO_export064.tsv	uvp5_sn201_exports01_filtered
export065	sn201_exports01	20180902.2155.001	university of maine(emmanuel.boss@maine.edu)	HDR20180902230340	uvp5	rr1813_sio065	2018-09-02 23:03:40	50.57729	-144.74958	0.00266	1.2194	0.094	export_detailed_20240422_11_10_PAR_export065.tsv	export_detailed_20240422_11_10_ZOO_export065.tsv	uvp5_sn201_exports01_filtered
export066	sn201_exports01	20180903.0453.001	university of maine(emmanuel.boss@maine.edu)	HDR20180903060415	uvp5	rr1813_sio066	2018-09-03 06:04:15	50.57956	-144.73167	0.00266	1.2194	0.094	export_detailed_20240422_11_10_PAR_export066.tsv	export_detailed_20240422_11_10_ZOO_export066.tsv	uvp5_sn201_exports01_filtered
export067	sn201_exports01	20180903.0903.001	university of maine(emmanuel.boss@maine.edu)	HDR20180903103132	uvp5	rr1813_sio067	2018-09-03 10:31:32	50.58727	-144.73094	0.00266	1.2194	0.094	export_detailed_20240422_11_10_PAR_export067.tsv	export_detailed_20240422_11_10_ZOO_export067.tsv	uvp5_sn201_exports01_filtered
export068	sn201_exports01	20180903.1400.001	university of maine(emmanuel.boss@maine.edu)	HDR20180903150721	uvp5	rr1813_sio068	2018-09-03 15:07:21	50.59599	-144.72071	0.00266	1.2194	0.094	export_detailed_20240422_11_10_PAR_export068.tsv	export_detailed_20240422_11_10_ZOO_export068.tsv	uvp5_sn201_exports01_filtered
export069	sn201_exports01	20180903.1557.001	university of maine(emmanuel.boss@maine.edu)	HDR20180903170453	uvp5	rr1813_sio069	2018-09-03 17:04:53	50.59684	-144.71144	0.00266	1.2194	0.094	export_detailed_20240422_11_10_PAR_export069.tsv	export_detailed_20240422_11_10_ZOO_export069.tsv	uvp5_sn201_exports01_filtered
export070	sn201_exports01	20180903.2200.001	university of maine(emmanuel.boss@maine.edu)	HDR20180903230502	uvp5	rr1813_sio070	2018-09-03 23:05:02	50.5837	-144.69333	0.00266	1.2194	0.094	export_detailed_20240422_11_10_PAR_export070.tsv	export_detailed_20240422_11_10_ZOO_export070.tsv	uvp5_sn201_exports01_filtered
export071	sn201_exports01	20180904.0555.001	university of maine(emmanuel.boss@maine.edu)	HDR20180904070605	uvp5	rr1813_sio071	2018-09-04 07:06:05	50.57989	-144.70137	0.00266	1.2194	0.094	export_detailed_20240422_11_10_PAR_export071.tsv	export_detailed_20240422_11_10_ZOO_export071.tsv	uvp5_sn201_exports01_filtered
export072	sn201_exports01	20180904.1705.001	university of maine(emmanuel.boss@maine.edu)	HDR20180904180851	uvp5	rr1813_sio072	2018-09-04 18:08:51	50.54927	-144.7068	0.00266	1.2194	0.094	export_detailed_20240422_11_10_PAR_export072.tsv	export_detailed_20240422_11_10_ZOO_export072.tsv	uvp5_sn201_exports01_filtered
export073	sn201_exports01	20180904.2156.001	university of maine(emmanuel.boss@maine.edu)	HDR20180904230601	uvp5	rr1813_sio073	2018-09-04 23:06:01	50.54215	-144.6956	0.00266	1.2194	0.094	export_detailed_20240422_11_10_PAR_export073.tsv	export_detailed_20240422_11_10_ZOO_export073.tsv	uvp5_sn201_exports01_filtered
export074	sn201_exports01	20180905.0917.001	university of maine(emmanuel.boss@maine.edu)	HDR20180905103107	uvp5	rr1813_sio074	2018-09-05 10:31:07	50.51585	-144.74561	0.00266	1.2194	0.094	export_detailed_20240422_11_10_PAR_export074.tsv	export_detailed_20240422_11_10_ZOO_export074.tsv	uvp5_sn201_exports01_filtered
export075	sn201_exports01	20180905.1704.001	university of maine(emmanuel.boss@maine.edu)	HDR20180905181655	uvp5	rr1813_sio075	2018-09-05 18:16:55	50.49204	-144.71667	0.00266	1.2194	0.094	export_detailed_20240422_11_10_PAR_export075.tsv	export_detailed_20240422_11_10_ZOO_export075.tsv	uvp5_sn201_exports01_filtered
export076	sn201_exports01	20180905.2157.001	university of maine(emmanuel.boss@maine.edu)	HDR20180905230236	uvp5	rr1813_sio076	2018-09-05 23:02:36	50.48719	-144.71733	0.00266	1.2194	0.094	export_detailed_20240422_11_10_PAR_export076.tsv	export_detailed_20240422_11_10_ZOO_export076.tsv	uvp5_sn201_exports01_filtered
export077	sn201_exports01	20180906.1103.001	university of maine(emmanuel.boss@maine.edu)	HDR20180906121107	uvp5	rr1813_sio077	2018-09-06 12:11:07	50.46919	-144.72087	0.00266	1.2194	0.094	export_detailed_20240422_11_10_PAR_export077.tsv	export_detailed_20240422_11_10_ZOO_export077.tsv	uvp5_sn201_exports01_filtered
export078	sn201_exports01	20180906.1103.001	university of maine(emmanuel.boss@maine.edu)	HDR20180906124354	uvp5	rr1813_sio078	2018-09-06 12:43:54	50.46921	-144.72145	0.00266	1.2194	0.094	export_detailed_20240422_11_10_PAR_export078.tsv	export_detailed_20240422_11_10_ZOO_export078.tsv	uvp5_sn201_exports01_filtered
export079	sn201_exports01	20180907.0138.001	university of maine(emmanuel.boss@maine.edu)	HDR20180907024311	uvp5	rr1813_sio079	2018-09-07 02:43:11	50.43435	-144.6894	0.00266	1.2194	0.094	export_detailed_20240422_11_10_PAR_export079.tsv	export_detailed_20240422_11_10_ZOO_export079.tsv	uvp5_sn201_exports01_filtered
export080	sn201_exports01	20180907.1201.001	university of maine(emmanuel.boss@maine.edu)	HDR20180907130917	uvp5	rr1813_sio080	2018-09-07 13:09:17	50.43258	-144.69159	0.00266	1.2194	0.094	export_detailed_20240422_11_10_PAR_export080.tsv	export_detailed_20240422_11_10_ZOO_export080.tsv	uvp5_sn201_exports01_filtered
export081	sn201_exports01	20180907.1400.001	university of maine(emmanuel.boss@maine.edu)	HDR20180907150628	uvp5	rr1813_sio081	2018-09-07 15:06:28	50.42525	-144.67222	0.00266	1.2194	0.094	export_detailed_20240422_11_10_PAR_export081.tsv	export_detailed_20240422_11_10_ZOO_export081.tsv	uvp5_sn201_exports01_filtered
export082	sn201_exports01	20180907.2201.001	university of maine(emmanuel.boss@maine.edu)	HDR20180907230522	uvp5	rr1813_sio082	2018-09-07 23:05:22	50.41396	-144.67132	0.00266	1.2194	0.094	export_detailed_20240422_11_10_PAR_export082.tsv	export_detailed_20240422_11_10_ZOO_export082.tsv	uvp5_sn201_exports01_filtered
export083	sn201_exports01	20180908.0550.001	university of maine(emmanuel.boss@maine.edu)	HDR20180908070702	uvp5	rr1813_sio083	2018-09-08 07:07:02	50.55896	-144.67233	0.00266	1.2194	0.094	export_detailed_20240422_11_10_PAR_export083.tsv	export_detailed_20240422_11_10_ZOO_export083.tsv	uvp5_sn201_exports01_filtered
export084	sn201_exports01	20180908.2204.001	university of maine(emmanuel.boss@maine.edu)	HDR20180909013736	uvp5	rr1813_sio084	2018-09-09 01:37:36	50.53236	-144.34556	0.00266	1.2194	0.094	export_detailed_20240422_11_10_PAR_export084.tsv	export_detailed_20240422_11_10_ZOO_export084.tsv	uvp5_sn201_exports01_filtered
